Red/Black,Photos,Dealer,Vehicle,Stock #,VIN,Class,Certified,Deleted Date,Status,Recall Status,Age,Body,Color,Disp,Price,"Default %
of Market",Last $ Change,Book,Cost,Water,Markup,Odometer,Overall,Like Mine,"Price Rank
Description",vRank Description
Red,,Parks Chevrolet,2020 Chevrolet Trax LS,C20-154,3GNCJKSB0LL114020,"SUV, Compact Sport Utility",,,,,10,4D Sport Utility,Black Metallic,Retail,"$22,426 ",,10/12/2019,,"$22,467 ",,($41),11,,,Unranked,Unranked
Red,,Parks Chevrolet,2020 Chevrolet Trax LS,C20-153,3GNCJKSB6LL167935,"SUV, Compact Sport Utility",,,,,17,4D Sport Utility,Gray Metallic,Retail,"$22,469 ",,10/12/2019,,"$22,464 ",,$5 ,5,,,Unranked,Unranked
Black,,Parks Chrysler Dodge Jeep,2020 Jeep Gladiator Rubicon,20-147,1C6JJTBG5LL152251,"Truck, Small Pick-up",,,,,19,4D Crew Cab,Red Clearcoat,Retail,,,,,"$49,747 ",,,14,,,Unranked,Unranked
Black,,Parks Chrysler Dodge Jeep,2020 Ram 1500 Big Horn/Lone Star,20-142,1C6SRFFT2LN169552,"Truck, Large Pick-up",,,,,21,4D Crew Cab,Billet Silver Metallic,Retail,"$45,076 ",,10/7/2019,,"$47,830 ",,"($2,754)",13,,,Unranked,Unranked
Red,,Parks Chrysler Dodge Jeep,2020 Jeep Gladiator Overland,20-139,1C6HJTFG9LL137826,"Truck, Small Pick-up",,,,,21,4D Crew Cab,Billet Silver Metallic,Retail,,,,,"$46,970 ",,,11,,,Unranked,Unranked
Red,,Parks Chrysler Dodge Jeep,2020 Ram 1500 Big Horn/Lone Star,20-143,1C6SRFFTXLN169623,"Truck, Large Pick-up",,,,,21,4D Crew Cab,Crystal Metallic,Retail,"$45,076 ",,10/7/2019,,"$47,830 ",,"($2,754)",13,,,Unranked,Unranked
Red,,Parks Chrysler Dodge Jeep,2020 Jeep Cherokee Latitude,20-137,1C4PJLCB3LD525643,"SUV, Compact Sport Utility",,,,,23,4D Sport Utility,Diamond Black,Retail,"$27,450 ",,10/9/2019,,"$27,277 ",,$173 ,13,,,Unranked,Unranked
Red,,Parks Chevrolet,2020 Chevrolet Trax LS,C20-152,3GNCJKSB7LL163277,"SUV, Compact Sport Utility",,,,,23,4D Sport Utility,Gray Metallic,Retail,"$22,007 ",,10/12/2019,,"$22,112 ",,($105),6,,,Unranked,Unranked
Red,,Parks Chrysler Dodge Jeep,2020 Jeep Wrangler Unlimited Sahara,20-136,1C4HJXEN8LW149741,"SUV, Intermediate Sport Utility",,,,,23,4D Sport Utility,Bikini Pearlcoat,Retail,"$46,252 ",,10/7/2019,,"$45,581 ",,$671 ,13,,,Unranked,Unranked
Red,,Parks Chrysler Dodge Jeep,2020 Jeep Cherokee Latitude,20-138,1C4PJLCB9LD525646,"SUV, Compact Sport Utility",,,,,23,4D Sport Utility,Diamond Black,Retail,"$24,805 ",,10/7/2019,,"$27,277 ",,"($2,472)",13,,,Unranked,Unranked
Red,,Parks Chrysler Dodge Jeep,2019 Ram 3500 Tradesman,19-540,3C7WRTAL0KG671938,"Truck, Chassis",,,,,23,2D Standard Cab,Bright White Clearcoat,Retail,,,,,"$49,170 ",,,14,,,Unranked,Unranked
Red,,Parks Chrysler Dodge Jeep,2020 Jeep Gladiator Sport S,20-135,1C6HJTAGXLL125840,"Truck, Small Pick-up",,,,,24,4D Crew Cab,Red Clearcoat,Retail,"$50,185 ",,9/23/2019,,"$47,515 ",,"$2,670 ",11,,,Unranked,Unranked
Red,,Parks Chevrolet,2020 Chevrolet Equinox LT 1LT,C20-148,2GNAXKEVXL6144447,"SUV, Compact Sport Utility",,,,,26,4D Sport Utility,Pacific Blue Metallic,Retail,"$29,756 ",,10/12/2019,,"$29,813 ",,($57),2,,,Unranked,Unranked
Red,,Parks Chrysler Dodge Jeep,2020 Dodge Durango SXT Plus,20-133,1C4RDJAG1LC146844,"SUV, Large Sport Utility",,,,,26,4D Sport Utility,Gray Clearcoat,Retail,,,,,"$37,603 ",,,17,,,Unranked,Unranked
Red,,Parks Chrysler Dodge Jeep,2020 Jeep Grand Cherokee Laredo E,20-134,1C4RJFAG1LC139205,"SUV, Intermediate Sport Utility",,,,,26,4D Sport Utility,Billet Silver Metallic,Retail,,,,,"$37,695 ",,,13,,,Unranked,Unranked
Red,,Parks Chevrolet,2020 Chevrolet Equinox LT 1LT,C20-149,3GNAXKEV5LS545759,"SUV, Compact Sport Utility",,,,,26,4D Sport Utility,Summit White,Retail,"$29,956 ",,10/12/2019,,"$29,813 ",,$143 ,2,,,Unranked,Unranked
Red,,Parks Chrysler Dodge Jeep,2020 Jeep Cherokee Latitude,20-132,1C4PJLCB7LD525645,"SUV, Compact Sport Utility",,,,,26,4D Sport Utility,Bright White Clearcoat,Retail,"$27,450 ",,10/9/2019,,"$27,277 ",,$173 ,12,,,Unranked,Unranked
Red,,Parks Chrysler Dodge Jeep,2020 Jeep Cherokee Latitude,20-131,1C4PJLCB1LD525642,"SUV, Compact Sport Utility",,,,,26,4D Sport Utility,Bright White Clearcoat,Retail,"$27,450 ",,10/9/2019,,"$27,277 ",,$173 ,12,,,Unranked,Unranked
Red,,Parks Chevrolet,2020 Chevrolet Trax LT,C20-147,KL7CJLSB5LB009521,"SUV, Compact Sport Utility",,,,,26,4D Sport Utility,Black Metallic,Retail,"$24,339 ",,10/12/2019,,"$24,381 ",,($42),11,,,Unranked,Unranked
Red,,Parks Chrysler Dodge Jeep,2020 Jeep Cherokee Latitude,20-130,1C4PJLCB5LD525644,"SUV, Compact Sport Utility",,,,,29,4D Sport Utility,Velvet,Retail,"$24,805 ",,10/7/2019,,"$27,277 ",,"($2,472)",15,,,Unranked,Unranked
Red,,Parks Chrysler Dodge Jeep,2020 Ram 1500 Limited,20-129,1C6SRFPT9LN145103,"Truck, Large Pick-up",,,,,30,4D Crew Cab,Red,Retail,"$61,500 ",,10/7/2019,,"$58,351 ",,"$3,149 ",19,,,Unranked,Unranked
Red,,Parks Chrysler Dodge Jeep,2020 Chrysler Pacifica Touring L,20-128,2C4RC1BG1LR110130,"Van, Small Van",,,,,32,4D Passenger Van,Velvet,Retail,"$40,554 ",,10/7/2019,,"$41,053 ",,($499),13,,,Unranked,Unranked
Red,,Parks Chrysler Dodge Jeep,2020 Ram 1500 Limited,20-126,1C6SRFPT2LN155990,"Truck, Large Pick-up",,,,,32,4D Crew Cab,Bright White Clearcoat,Retail,"$59,191 ",,10/7/2019,,"$59,020 ",,$171 ,18,,,Unranked,Unranked
Black,,Parks Chrysler Dodge Jeep,2020 Dodge Durango SXT,20-125,1C4RDHAG2LC146179,"SUV, Large Sport Utility",,,,,32,4D Sport Utility,Granite Clearcoat,Retail,"$30,813 ",,10/4/2019,,"$32,607 ",,"($1,794)",13,,,Unranked,Unranked
Red,,Parks Chrysler Dodge Jeep,2020 Ram 1500 Limited,20-127,1C6SRFPT4LN155991,"Truck, Large Pick-up",,,,,32,4D Crew Cab,Red,Retail,"$59,282 ",,10/7/2019,,"$64,701 ",,"($5,419)",18,,,Unranked,Unranked
Red,,Parks Chrysler Dodge Jeep,2020 Jeep Grand Cherokee Limited,20-123,1C4RJFBG7LC139529,"SUV, Intermediate Sport Utility",,,,,33,4D Sport Utility,Slate Blue,Retail,"$41,536 ",,9/27/2019,,"$42,727 ",,"($1,191)",12,,,Unranked,Unranked
Red,,Parks Chrysler Dodge Jeep,2019 Ram 2500 Laramie,19-531,3C6UR5FL0KG670921,"Truck, Large Pick-up",,,,,33,4D Crew Cab,Crystal Metallic,Retail,"$64,478 ",,10/4/2019,,"$63,197 ",,"$1,281 ",13,,,Unranked,Unranked
Black,,Parks Chrysler Dodge Jeep,2019 Ram 2500 Big Horn,19-532,3C6UR5DLXKG671982,"Truck, Large Pick-up",,,,,33,4D Crew Cab,Brown Metallic,Retail,"$62,256 ",,9/28/2019,"$44,800 ","$61,043 ","$16,243 ","$1,213 ","3,015",,,Unranked,Unranked
Red,,Parks Chrysler Dodge Jeep,2020 Jeep Grand Cherokee Limited,20-124,1C4RJFBG5LC139528,"SUV, Intermediate Sport Utility",,,,,33,4D Sport Utility,Crystal Metallic,Retail,"$41,536 ",,9/27/2019,,"$42,727 ",,"($1,191)",12,,,Unranked,Unranked
Red,,Parks Chrysler Dodge Jeep,2020 Ram 1500 Rebel,20-122,1C6SRFLT0LN155976,"Truck, Large Pick-up",,,,,33,4D Crew Cab,Flame Red Clearcoat,Retail,"$55,911 ",,10/4/2019,,"$55,899 ",,$12 ,17,,,Unranked,Unranked
Red,,Parks Chrysler Dodge Jeep,2019 Ram 2500 Big Horn,19-533,3C6UR5DL6KG671980,"Truck, Large Pick-up",,,,,33,4D Crew Cab,Red,Retail,"$58,766 ",,10/4/2019,"$44,800 ","$57,668 ","$12,868 ","$1,098 ",19,,,Unranked,Unranked
Red,,Parks Chrysler Dodge Jeep,2019 Ram 2500 Laramie,19-529,3C6UR5FL9KG670920,"Truck, Large Pick-up",,,,,36,4D Crew Cab,Diamond Black,Retail,"$64,396 ",,10/4/2019,,"$63,109 ",,"$1,287 ",13,,,Unranked,Unranked
Red,,Parks Chrysler Dodge Jeep,2020 Ram 1500 Limited,20-121,1C6SRFHT8LN145107,"Truck, Large Pick-up",,,,,37,4D Crew Cab,Diamond Black,Retail,"$58,436 ",,10/4/2019,,"$58,186 ",,$250 ,12,,,Unranked,Unranked
Red,,Parks Chrysler Dodge Jeep,2019 Ram 1500 Classic Tradesman,19-526,1C6RR7KM7KS682301,"Truck, Large Pick-up",,,,,37,4D Crew Cab,Diamond Black,Retail,,,,,"$44,856 ",,,26,,,Unranked,Unranked
Red,,Parks Chrysler Dodge Jeep,2019 Ram 1500 Classic Tradesman,19-527,1C6RR7KMXKS682311,"Truck, Large Pick-up",,,,,37,4D Crew Cab,Crystal Metallic,Retail,"$39,999 ",,10/4/2019,,"$45,030 ",,"($5,031)",13,,,Unranked,Unranked
Red,,Parks Chrysler Dodge Jeep,2020 Jeep Cherokee Latitude,20-119,1C4PJLCB5LD515938,"SUV, Compact Sport Utility",,,,,38,4D Sport Utility,Billet Silver Metallic,Retail,"$27,235 ",,10/2/2019,,"$27,079 ",,$156 ,12,,,Unranked,Unranked
Red,,Parks Chrysler Dodge Jeep,2019 Ram 3500 Tradesman,19-525,3C7WRTCL9KG663379,"Truck, Chassis",,,,,38,4D Crew Cab,Bright White Clearcoat,Retail,,,,,"$52,275 ",,,13,,,Unranked,Unranked
Red,,Parks Chrysler Dodge Jeep,2019 Dodge Charger SXT,19-522,2C3CDXBG3KH713577,"Car, Intermediate",,,,,43,4D Sedan,Triple Nickel Clearcoat,Retail,"$32,705 ",,10/2/2019,"$22,050 ","$31,912 ","$9,862 ",$793 ,13,,,Unranked,Unranked
Red,,Parks Chrysler Dodge Jeep,2019 Dodge Charger SXT,19-519,2C3CDXBG1KH713576,"Car, Intermediate",,,,,44,4D Sedan,Pitch Black Clearcoat,Retail,"$32,705 ",,10/2/2019,"$22,050 ","$31,912 ","$9,862 ",$793 ,13,,,Unranked,Unranked
Black,,Parks Chrysler Dodge Jeep,2020 Jeep Compass Sport,20-117,3C4NJDAB6LT105109,"SUV, Compact Sport Utility",,,,,45,4D Sport Utility,White Clearcoat,Retail,"$24,921 ",,9/27/2019,,"$27,662 ",,"($2,741)",13,,,Unranked,Unranked
Red,,Parks Chevrolet,2020 Chevrolet Silverado 3500HD LT,C20-136,1GC4YTEY5LF139889,"Truck, Large Pick-up",,,,,45,4D Crew Cab,Black,Retail,"$53,622 ",,10/12/2019,,"$52,698 ",,$924 ,8,,,Unranked,Unranked
Red,,Parks Chevrolet,2020 Chevrolet Silverado 1500 LT,C20-135,1GCPYDEK0LZ120924,"Truck, Large Pick-up",,,,,47,4D Crew Cab,Blue Metallic,Retail,"$42,555 ",,9/14/2019,,"$42,021 ",,$534 ,36,,,Unranked,Unranked
Red,,Parks Chrysler Dodge Jeep,2019 Ram 3500 Tradesman,19-514,3C7WRTCL8KG637288,"Truck, Chassis",,,,,47,4D Crew Cab,Billet Silver Metallic,Retail,,,,,"$51,978 ",,,12,,,Unranked,Unranked
Red,,Parks Chrysler Dodge Jeep,2020 Jeep Cherokee Latitude,20-110,1C4PJLCB7LD515939,"SUV, Compact Sport Utility",,,,,47,4D Sport Utility,Blue,Retail,"$24,309 ",,9/20/2019,,"$27,079 ",,"($2,770)",10,,,Unranked,Unranked
Red,,Parks Chrysler Dodge Jeep,2020 Ram 1500 Tradesman,20-111,1C6SRFNT0LN139967,"Truck, Large Pick-up",,,,,47,4D Crew Cab,Bright White Clearcoat,Retail,"$41,972 ",,10/4/2019,,"$43,383 ",,"($1,411)",13,,,Unranked,Unranked
Red,,Parks Chrysler Dodge Jeep,2020 Ram 1500 Tradesman,20-113,1C6SRFNT2LN139968,"Truck, Large Pick-up",,,,,47,4D Crew Cab,Diamond Black,Retail,"$42,063 ",,9/27/2019,,"$43,471 ",,"($1,408)",14,,,Unranked,Unranked
Red,,Parks Chrysler Dodge Jeep,2020 Ram 1500 Tradesman,20-114,1C6SRFNT4LN139969,"Truck, Large Pick-up",,,,,47,4D Crew Cab,Steel Metallic,Retail,"$42,154 ",,10/4/2019,,"$43,568 ",,"($1,414)",13,,,Unranked,Unranked
Red,,Parks Chrysler Dodge Jeep,2020 Chrysler Pacifica Touring L,20-116,2C4RC1BG7LR101500,"Van, Small Van",,,,,47,4D Passenger Van,Bright White Clearcoat,Retail,"$38,044 ",,10/4/2019,,"$39,585 ",,"($1,541)",17,,,Unranked,Unranked
Red,,Parks Chrysler Dodge Jeep,2020 Ram 1500 Tradesman,20-112,1C6SRFNT0LN139970,"Truck, Large Pick-up",,,,,47,4D Crew Cab,Billet Silver Metallic,Retail,"$42,154 ",,10/4/2019,,"$43,559 ",,"($1,405)",13,,,Unranked,Unranked
Red,,Parks Chevrolet,2020 Chevrolet Silverado 1500 LT,C20-134,1GCPYDEK7LZ119821,"Truck, Large Pick-up",,,,,50,4D Crew Cab,Shadow Gray Metallic,Retail,"$44,443 ",,9/14/2019,,"$43,848 ",,$595 ,3,,,Unranked,Unranked
Red,,Parks Chrysler Dodge Jeep,2019 Jeep Renegade Latitude,19-510,ZACNJBBB5KPK71675,"SUV, Compact Sport Utility",,,,,51,4D Sport Utility,Colorado Red,Retail,"$22,924 ",,9/20/2019,,"$27,644 ",,"($4,720)",17,,,Unranked,Unranked
Black,,Parks Chevrolet,2020 Chevrolet Silverado 1500 LT,C20-132,1GCPYDEK6LZ118417,"Truck, Large Pick-up",,,,,51,4D Crew Cab,Red,Retail,"$44,443 ",,8/31/2019,,"$43,848 ",,$595 ,3,,,Unranked,Unranked
Red,,Parks Chrysler Dodge Jeep,2019 Jeep Renegade Trailhawk,19-507,ZACNJBC14KPK72807,"SUV, Compact Sport Utility",,,,,52,4D Sport Utility,Colorado Red,Retail,"$26,955 ",,9/20/2019,,"$31,243 ",,"($4,288)",18,,,Unranked,Unranked
Red,,Parks Chrysler Dodge Jeep,2019 Ram 3500 Tradesman,19-505,3C63R3CL0KG647384,"Truck, Chassis",,,,,53,4D Crew Cab,Flame Red Clearcoat,Retail,"$56,405 ",,9/20/2019,,"$55,398 ",,"$1,007 ",14,,,Unranked,Unranked
Red,,Parks Chrysler Dodge Jeep,2020 Jeep Compass Sport,20-108,3C4NJDAB4LT105108,"SUV, Compact Sport Utility",,,,,53,4D Sport Utility,Crystal Metallic,Retail,"$24,989 ",,9/20/2019,,"$27,662 ",,"($2,673)",13,,,Unranked,Unranked
Red,,Parks Chrysler Dodge Jeep,2019 Ram 3500 Tradesman,19-504,3C63R3CL9KG647383,"Truck, Chassis",,,,,53,4D Crew Cab,Bright White Clearcoat,Retail,"$56,405 ",,9/20/2019,,"$55,398 ",,"$1,007 ",13,,,Unranked,Unranked
Red,,Parks Chevrolet,2020 Chevrolet Silverado 1500 LT,C20-130,1GCPYDEK0LZ114976,"Truck, Large Pick-up",,,,,54,4D Crew Cab,Steel Metallic,Retail,"$46,746 ",,9/14/2019,,"$46,089 ",,$657 ,6,,,Unranked,Unranked
Red,,Parks Chrysler Dodge Jeep,2020 Jeep Grand Cherokee Laredo E,20-106,1C4RJFAG9LC121552,"SUV, Intermediate Sport Utility",,,,,54,4D Sport Utility,Velvet,Retail,"$34,996 ",,9/27/2019,,"$36,061 ",,"($1,065)",12,,,Unranked,Unranked
Red,,Parks Chrysler Dodge Jeep,2020 Jeep Grand Cherokee Laredo E,20-104,1C4RJFAG0LC122251,"SUV, Intermediate Sport Utility",,,,,57,4D Sport Utility,Billet Silver Metallic,Retail,"$34,996 ",,9/27/2019,,"$36,061 ",,"($1,065)",13,,,Unranked,Unranked
Red,,Parks Chrysler Dodge Jeep,2020 Jeep Wrangler Unlimited Sahara,20-103,1C4HJXEN6LW126149,"SUV, Intermediate Sport Utility",,,,,57,4D Sport Utility,Billet Silver Metallic,Retail,"$45,595 ",,9/20/2019,,"$45,774 ",,($179),11,,,Unranked,Unranked
Red,,Parks Chrysler Dodge Jeep,2020 Jeep Wrangler Unlimited Rubicon,20-105,1C4HJXFN6LW126151,"SUV, Intermediate Sport Utility",,,,,57,4D Sport Utility,Billet Silver Metallic,Retail,"$50,646 ",,9/20/2019,,"$49,046 ",,"$1,600 ",14,,,Unranked,Unranked
Red,,Parks Chevrolet,2020 Chevrolet Equinox LS,C20-126,2GNAXHEV4L6129199,"SUV, Compact Sport Utility",,,,,57,4D Sport Utility,Orange Metallic,Retail,"$27,884 ",,9/14/2019,,"$27,831 ",,$53 ,4,,,Unranked,Unranked
Red,,Parks Chevrolet,2020 Chevrolet Equinox LS,C20-129,3GNAXHEV7LS526262,"SUV, Compact Sport Utility",,,,,57,4D Sport Utility,Nightfall Gray Metallic,Retail,"$27,516 ",,9/14/2019,,"$27,450 ",,$66 ,2,,,Unranked,Unranked
Red,,Parks Chevrolet,2020 Chevrolet Equinox LS,C20-128,3GNAXHEVXLS526580,"SUV, Compact Sport Utility",,,,,57,4D Sport Utility,Midnight Blue Metallic,Retail,"$27,516 ",,9/14/2019,,"$27,457 ",,$59 ,2,,,Unranked,Unranked
Black,,Parks Chevrolet,2020 Chevrolet Equinox LS,C20-127,3GNAXHEV9LS526246,"SUV, Compact Sport Utility",,,,,57,4D Sport Utility,Silver Ice Metallic,Retail,"$27,516 ",,9/14/2019,,"$27,450 ",,$66 ,2,,,Unranked,Unranked
Red,,Parks Chevrolet,2019 Chevrolet Silverado 1500 LD LT,C19-357,2GCVKPEC9K1219011,"Truck, Large Pick-up",,,,,58,Double Cab,Summit White,Retail,"$43,861 ",,9/14/2019,"$28,700 ","$43,386 ","$14,686 ",$475 ,2,,,Unranked,Unranked
Red,,Parks Chevrolet,2020 Chevrolet Silverado 2500HD LT,C20-125,1GC4YNEY2LF132281,"Truck, Large Pick-up",,,,,58,4D Crew Cab,Shadow Gray Metallic,Retail,"$56,494 ",,10/12/2019,,"$55,546 ",,$948 ,4,,,Unranked,Unranked
Red,,Parks Chevrolet,2020 Chevrolet Silverado 1500 LTZ,C20-124,1GCUYGED5LZ112145,"Truck, Large Pick-up",,,,,58,4D Crew Cab,Red Tintcoat,Retail,"$48,882 ",,9/14/2019,,"$48,188 ",,$694 ,5,,,Unranked,Unranked
Red,,Parks Chrysler Dodge Jeep,2019 Dodge Charger Police,19-502,2C3CDXKT5KH699582,"Car, Intermediate",,,,,59,4D Sedan,White,Retail,,,,"$26,350 ","$24,803 ","($1,547)",,32,177,,,
Red,,Parks Chrysler Dodge Jeep,2019 Dodge Charger SXT,19-501,2C3CDXJG5KH697349,"Car, Intermediate",,,,,59,4D Sedan,Pitch Black Clearcoat,Retail,"$31,479 ",,9/20/2019,"$25,000 ","$34,486 ","$9,486 ","($3,007)",11,,,Unranked,Unranked
Red,,Parks Chevrolet,2020 Chevrolet Equinox LT 1LT,C20-123,3GNAXKEV7LS524461,"SUV, Compact Sport Utility",,,,,60,4D Sport Utility,Nightfall Gray Metallic,Retail,"$29,956 ",,9/14/2019,,"$29,837 ",,$119 ,7,,,Unranked,Unranked
Red,,Parks Chrysler Dodge Jeep,2019 Jeep Renegade Trailhawk,19-500,ZACNJBC14KPK72192,"SUV, Compact Sport Utility",,,,,60,4D Sport Utility,Blue Clearcoat,Retail,"$26,975 ",,9/20/2019,,"$31,057 ",,"($4,082)",16,,,Unranked,Unranked
Red,,Parks Chevrolet,2020 Chevrolet Silverado 2500HD Work Truck,C20-120,1GC4YLE7XLF128832,"Truck, Large Pick-up",,,,,60,4D Crew Cab,Summit White,Retail,"$42,391 ",,9/14/2019,,"$41,828 ",,$563 ,5,,,Unranked,Unranked
Red,,Parks Chrysler Dodge Jeep,2020 Ram 1500 Rebel,20-102,1C6SRFLT8LN127262,"Truck, Large Pick-up",,,,,61,4D Crew Cab,Crystal Metallic,Retail,"$51,863 ",,10/4/2019,,"$52,979 ",,"($1,116)",13,,,Unranked,Unranked
Red,,Parks Chrysler Dodge Jeep,2019 Ram 3500 Tradesman,19-498,3C63R3CL8KG651294,"Truck, Chassis",,,,,61,4D Crew Cab,Bright White Clearcoat,Retail,"$56,442 ",,10/4/2019,,"$55,445 ",,$997 ,20,,,Unranked,Unranked
Red,,Parks Chevrolet,2020 Chevrolet Suburban LT,C20-118,1GNSKHKC7LR143303,"SUV, Large Sport Utility",,,,,61,4D Sport Utility,Black,Retail,"$58,125 ",,10/12/2019,,"$57,064 ",,"$1,061 ",2,,,Unranked,Unranked
Red,,Parks Chevrolet,2020 Chevrolet Equinox LS,C20-119,2GNAXHEV1L6126132,"SUV, Compact Sport Utility",,,,,61,4D Sport Utility,Orange Metallic,Retail,"$27,884 ",,9/14/2019,,"$27,757 ",,$127 ,2,,,Unranked,Unranked
Red,,Parks Chrysler Dodge Jeep,2019 Ram 3500 Tradesman,19-492,3C63R3CLXKG651295,"Truck, Chassis",,,,,64,4D Crew Cab,Diamond Black,Retail,"$56,533 ",,10/4/2019,,"$55,522 ",,"$1,011 ",16,,,Unranked,Unranked
Red,,Parks Chrysler Dodge Jeep,2019 Ram 3500 Tradesman,19-491,3C63R3CL6KG651293,"Truck, Chassis",,,,,64,4D Crew Cab,Billet Silver Metallic,Retail,"$56,624 ",,10/4/2019,,"$55,650 ",,$974 ,14,,,Unranked,Unranked
Red,,Parks Chrysler Dodge Jeep,2019 Ram 2500 Tradesman,19-493,3C6UR5CL1KG649564,"Truck, Large Pick-up",,,,,64,4D Crew Cab,Crystal Metallic,Retail,"$52,406 ",,10/4/2019,,"$52,004 ",,$402 ,14,,,Unranked,Unranked
Red,,Parks Chrysler Dodge Jeep,2019 Ram 1500 Classic Tradesman,19-485,1C6RR7ST8KS677938,"Truck, Large Pick-up",,,,,64,4D Crew Cab,Bright White Clearcoat,Retail,"$35,844 ",,10/4/2019,"$26,525 ","$41,076 ","$14,551 ","($5,232)",22,,,Unranked,Unranked
Red,,Parks Chrysler Dodge Jeep,2019 Ram 2500 Tradesman,19-495,3C6UR5CLXKG649563,"Truck, Large Pick-up",,,,,64,4D Crew Cab,Diamond Black,Retail,"$52,815 ",,10/4/2019,,"$51,916 ",,$899 ,13,,,Unranked,Unranked
Red,,Parks Chevrolet,2019 Chevrolet Silverado 1500 LD LT,C19-355,2GCVKPEC4K1216744,"Truck, Large Pick-up",,,,,65,Double Cab,Summit White,Retail,"$43,861 ",,9/14/2019,"$28,700 ","$43,282 ","$14,582 ",$579 ,6,,,Unranked,Unranked
Red,,Parks Chrysler Dodge Jeep,2019 Ram 2500 Tradesman,19-487,3C6UR5CL8KG649562,"Truck, Large Pick-up",,,,,65,4D Crew Cab,Bright White Clearcoat,Retail,"$52,306 ",,10/4/2019,,"$51,839 ",,$467 ,12,,,Unranked,Unranked
Red,,Parks Chrysler Dodge Jeep,2019 Ram 3500 Tradesman,19-488,3C7WRTCL6KG637287,"Truck, Chassis",,,,,65,4D Crew Cab,Bright White Clearcoat,Retail,,,,,"$51,847 ",,,17,,,Unranked,Unranked
Red,,Parks Chevrolet,2020 Chevrolet Traverse Premier Leather,C20-117,1GNERKKW8LJ134091,"SUV, Intermediate Sport Utility",,,,,65,4D Sport Utility,Pearl,Retail,"$49,173 ",,9/14/2019,,"$48,398 ",,$775 ,6,,,Unranked,Unranked
Black,,Parks Chevrolet,2020 Chevrolet Tahoe LS,C20-115,1GNSKAKC1LR138878,"SUV, Large Sport Utility",,,,,67,4D Sport Utility,Velvet,Retail,"$51,235 ",,9/14/2019,,"$50,437 ",,$798 ,5,,,Unranked,Unranked
Red,,Parks Chrysler Dodge Jeep,2019 Jeep Renegade Latitude,19-484,ZACNJBBB9KPK74496,"SUV, Compact Sport Utility",,,,,67,4D Sport Utility,Black Clearcoat,Retail,"$22,924 ",,9/20/2019,,"$27,620 ",,"($4,696)",17,,,Unranked,Unranked
Red,,Parks Chrysler Dodge Jeep,2019 Jeep Renegade Latitude,19-483,ZACNJBBB0KPK74371,"SUV, Compact Sport Utility",,,,,67,4D Sport Utility,Crystal Metallic,Retail,"$22,924 ",,9/20/2019,,"$27,620 ",,"($4,696)",15,,,Unranked,Unranked
Red,,Parks Chrysler Dodge Jeep,2019 Ram 2500 Tradesman,19-480,3C6UR5CL1KG648821,"Truck, Large Pick-up",,,,,68,4D Crew Cab,Bright White Clearcoat,Retail,"$51,004 ",,10/4/2019,,"$50,648 ",,$356 ,15,,,Unranked,Unranked
Red,,Parks Chevrolet,2020 Chevrolet Equinox LS,C20-114,2GNAXHEV7L6121162,"SUV, Compact Sport Utility",,,,,68,4D Sport Utility,Nightfall Gray Metallic,Retail,"$27,516 ",,9/14/2019,,"$27,408 ",,$108 ,6,,,Unranked,Unranked
Red,,Parks Chevrolet,2020 Chevrolet Camaro 1LS,C20-112,1G1FA1RX8L0100597,"Car, Sport",,,,,73,2D Coupe,Blue Metallic,Retail,"$25,658 ",,9/14/2019,,"$25,602 ",,$56 ,3,,,Unranked,Unranked
Red,,Parks Chrysler Dodge Jeep,2019 Ram 1500 Classic Tradesman,19-473,1C6RR7ST2KS677661,"Truck, Large Pick-up",,,,,73,4D Crew Cab,Crystal Metallic,Retail,"$35,643 ",,10/4/2019,"$26,525 ","$40,898 ","$14,373 ","($5,255)",11,,,Unranked,Unranked
Red,,Parks Chrysler Dodge Jeep,2019 Jeep Renegade Latitude,19-475,ZACNJBBB2KPK66935,"SUV, Compact Sport Utility",,,,,73,4D Sport Utility,Alpine White,Retail,"$22,624 ",,9/20/2019,,"$27,644 ",,"($5,020)",21,,,Unranked,Unranked
Red,,Parks Chevrolet,2019 Chevrolet Corvette Stingray 1LT,C19-352,1G1YB2D73K5121717,"Car, Luxury Sport",,,,,74,2D Coupe,Torch Red,Retail,"$56,655 ",,10/12/2019,,"$55,655 ",,"$1,000 ",6,,,Unranked,Unranked
Red,,Parks Chrysler Dodge Jeep,2019 Jeep Renegade Latitude,19-471,ZACNJBBB9KPK63837,"SUV, Compact Sport Utility",,,,,74,4D Sport Utility,Colorado Red,Retail,"$22,924 ",,9/20/2019,,"$27,628 ",,"($4,704)",12,,,Unranked,Unranked
Black,,Parks Chrysler Dodge Jeep,2019 Ram 1500 Classic Tradesman,19-469,1C6RR7FT9KS680308,"Truck, Large Pick-up",,,,,74,4D Extended Cab,Bright White Clearcoat,Retail,,,,"$25,325 ","$26,600 ","$1,275 ",,23,152,231,,
Red,,Parks Chevrolet,2020 Chevrolet Equinox LT 1LT,C20-111,3GNAXKEV3LS517748,"SUV, Compact Sport Utility",,,,,74,4D Sport Utility,Midnight Blue Metallic,Retail,"$29,956 ",,9/14/2019,,"$29,813 ",,$143 ,5,,,Unranked,Unranked
Red,,Parks Chrysler Dodge Jeep,2019 Dodge Charger SXT,19-466,2C3CDXJG3KH697351,"Car, Intermediate",,,,,77,4D Sedan,Triple Nickel Clearcoat,Retail,"$31,369 ",,9/27/2019,"$25,000 ","$34,486 ","$9,486 ","($3,117)",11,,,Unranked,Unranked
Red,,Parks Chrysler Dodge Jeep,2019 Jeep Wrangler Unlimited Rubicon,19-463,1C4HJXFG9KW641886,"SUV, Intermediate Sport Utility",,,,,80,4D Sport Utility,Black Clearcoat,Retail,"$50,869 ",,9/20/2019,"$42,500 ","$50,179 ","$7,679 ",$690 ,470,,,Unranked,Unranked
Red,,Parks Chevrolet,2019 Chevrolet Silverado 1500 LT,C19-350,3GCUYDED2KG114092,"Truck, Large Pick-up",,,,,82,4D Crew Cab,Summit White,Retail,"$48,723 ",,9/14/2019,,"$47,927 ",,$796 ,13,,,Unranked,Unranked
Red,,Parks Chrysler Dodge Jeep,2019 Ram 2500 Laramie,19-454,3C6UR5FJ3KG553705,"Truck, Large Pick-up",,,,,86,4D Crew Cab,Pearl White,Retail,"$58,646 ",,10/4/2019,,"$57,539 ",,"$1,107 ",11,,,Unranked,Unranked
Red,,Parks Chrysler Dodge Jeep,2019 Ram 2500 Laramie,19-449,3C6UR5FL3KG619364,"Truck, Large Pick-up",,,,,93,4D Crew Cab,Brown Metallic,Retail,"$64,755 ",,10/4/2019,,"$63,512 ",,"$1,243 ",13,,,Unranked,Unranked
Red,,Parks Chevrolet,2020 Chevrolet Tahoe LT,C20-107,1GNSKBKC9LR108954,"SUV, Large Sport Utility",,,,,95,4D Sport Utility,Shadow Gray Metallic,Retail,"$57,974 ",,10/12/2019,,"$56,911 ",,"$1,063 ",6,,,Unranked,Unranked
Red,,Parks Chrysler Dodge Jeep,2019 Ram 1500 Classic Tradesman,19-447,1C6RR7KTXKS676340,"Truck, Large Pick-up",,,,,100,4D Crew Cab,Diamond Black,Retail,"$36,253 ",,10/4/2019,"$26,525 ","$41,433 ","$14,908 ","($5,180)",23,,,Unranked,Unranked
Red,,Parks Chrysler Dodge Jeep,2019 Ram 1500 Laramie,19-445,1C6SRFRT9KN910662,"Truck, Large Pick-up",,,,,103,4D Crew Cab,Flame Red Clearcoat,Retail,"$48,356 ",,10/4/2019,"$36,425 ","$51,694 ","$15,269 ","($3,338)",11,,,Unranked,Unranked
Red,,Parks Chrysler Dodge Jeep,2019 Ram 1500 Classic Tradesman,19-444,1C6RR7SM5KS672995,"Truck, Large Pick-up",,,,,103,4D Crew Cab,Billet Silver Metallic Clearcoat,Retail,"$40,924 ",,9/20/2019,,"$45,988 ",,"($5,064)",11,,,Unranked,Unranked
Red,,Parks Chrysler Dodge Jeep,2019 Ram 1500 Big Horn/Lone Star,19-442,1C6SRFMT8KN910661,"Truck, Large Pick-up",,,,,108,4D Crew Cab,Crystal Metallic,Retail,"$42,173 ",,10/4/2019,"$33,300 ","$46,496 ","$13,196 ","($4,323)",14,,,Unranked,Unranked
Red,,Parks Chrysler Dodge Jeep,2019 Ram 2500 Big Horn,19-443,3C6UR5DJ6KG612975,"Truck, Large Pick-up",,,,,108,4D Crew Cab,Blue,Retail,"$50,912 ",,10/4/2019,"$37,300 ","$50,371 ","$13,071 ",$541 ,10,,,Unranked,Unranked
Red,,Parks Chrysler Dodge Jeep,2019 Ram 1500 Classic Tradesman,19-441,1C6RR7KM7KS672996,"Truck, Large Pick-up",,,,,108,4D Crew Cab,Red,Retail,"$38,831 ",,9/27/2019,,"$43,964 ",,"($5,133)",32,,,Unranked,Unranked
Red,,Parks Chevrolet,2020 Chevrolet Equinox Premier,C20-106,3GNAXPEX3LS502472,"SUV, Compact Sport Utility",,,,,109,4D Sport Utility,Midnight Blue Metallic,Retail,"$35,964 ",,9/14/2019,,"$35,593 ",,$371 ,2,,,Unranked,Unranked
Red,,Parks Chrysler Dodge Jeep,2019 Ram 2500 Big Horn,19-440,3C6UR5DL0KG619339,"Truck, Large Pick-up",,,,,109,4D Crew Cab,Crystal Metallic,Retail,"$59,508 ",,10/4/2019,"$44,800 ","$58,192 ","$13,392 ","$1,316 ",12,,,Unranked,Unranked
Red,,Parks Chrysler Dodge Jeep,2019 Chrysler 300 S,19-439,2C3CCAGGXKH662281,"Car, Intermediate",,,,,109,4D Sedan,Gloss Black,Retail,"$40,469 ",,9/20/2019,"$24,500 ","$44,686 ","$20,186 ","($4,217)",12,,,Unranked,Unranked
Red,,Parks Chrysler Dodge Jeep,2019 Ram 1500 Classic Warlock,19-437,1C6RR7LG6KS664154,"Truck, Large Pick-up",,,,,110,4D Crew Cab,Diamond Black,Retail,"$35,895 ",,10/4/2019,"$26,625 ","$41,605 ","$14,980 ","($5,710)",13,,,Unranked,Unranked
Red,,Parks Chevrolet,2020 Chevrolet Silverado 2500HD LT,C20-104,1GC4YNEY0LF100672,"Truck, Large Pick-up",,,,,113,4D Crew Cab,Summit White,Retail,"$55,663 ",,10/12/2019,,"$54,700 ",,$963 ,36,,,Unranked,Unranked
Red,,Parks Chevrolet,2020 Chevrolet Equinox LS,C20-100,2GNAXHEV1L6103563,"SUV, Compact Sport Utility",,,,,114,4D Sport Utility,Silver Ice Metallic,Retail,"$27,463 ",,9/14/2019,,"$27,413 ",,$50 ,3,,,Unranked,Unranked
Red,,Parks Chevrolet,2020 Chevrolet Equinox LT 1LT,C20-101,2GNAXKEV5L6102770,"SUV, Compact Sport Utility",,,,,114,4D Sport Utility,Orange Metallic,Retail,"$30,269 ",,9/14/2019,,"$30,155 ",,$114 ,8,,,Unranked,Unranked
Red,,Parks Chevrolet,2020 Chevrolet Equinox LT 1LT,C20-102,2GNAXKEV9L6101556,"SUV, Compact Sport Utility",,,,,114,4D Sport Utility,Chocolate,Retail,"$29,901 ",,9/14/2019,,"$29,708 ",,$193 ,5,,,Unranked,Unranked
Red,,Parks Chevrolet,2020 Chevrolet Equinox LT 1LT,C20-103,3GNAXKEV2LS501217,"SUV, Compact Sport Utility",,,,,114,4D Sport Utility,Midnight Blue Metallic,Retail,"$29,901 ",,9/14/2019,,"$29,708 ",,$193 ,2,,,Unranked,Unranked
Red,,Parks Chrysler Dodge Jeep,2019 Dodge Journey Crossroad,19-434,3C4PDCGB1KT834957,"SUV, Intermediate Sport Utility",,,,,114,4D Sport Utility,Billet Clearcoat,Retail,"$25,298 ",,9/20/2019,"$19,100 ","$30,417 ","$11,317 ","($5,119)",14,,,Unranked,Unranked
Red,,Parks Chrysler Dodge Jeep,2019 Ram 2500 Tradesman,19-430,3C6UR5CJ8KG612008,"Truck, Large Pick-up",,,,,116,4D Crew Cab,Flame Red Clearcoat,Retail,"$42,912 ",,10/4/2019,,"$43,144 ",,($232),6,,,Unranked,Unranked
Red,,Parks Chrysler Dodge Jeep,2019 Ram 1500 Limited,19-429,1C6SRFPT9KN893123,"Truck, Large Pick-up",,,,,116,4D Crew Cab,Crystal Metallic,Retail,"$59,577 ",,10/4/2019,"$46,775 ","$61,395 ","$14,620 ","($1,818)",19,,,Unranked,Unranked
Red,,Parks Chrysler Dodge Jeep,2019 Ram 2500 Big Horn,19-432,3C6UR5DL9KG612003,"Truck, Large Pick-up",,,,,116,4D Crew Cab,Flame Red Clearcoat,Retail,"$60,380 ",,10/4/2019,"$44,800 ","$58,455 ","$13,655 ","$1,925 ",14,,,Unranked,Unranked
Red,,Parks Chrysler Dodge Jeep,2019 Ram 1500 Big Horn/Lone Star,19-423,1C6SRFFT4KN892849,"Truck, Large Pick-up",,,,,116,4D Crew Cab,Billet Silver Metallic,Retail,"$42,009 ",,9/20/2019,"$33,800 ","$46,314 ","$12,514 ","($4,305)",10,,,Unranked,Unranked
Red,,Parks Chrysler Dodge Jeep,2019 Ram 1500 Big Horn/Lone Star,19-421,1C6SRFFT2KN893000,"Truck, Large Pick-up",,,,,116,4D Crew Cab,Red,Retail,"$42,555 ",,10/4/2019,"$33,800 ","$46,841 ","$13,041 ","($4,286)",13,,,Unranked,Unranked
Black,,Parks Chrysler Dodge Jeep,2019 Jeep Wrangler Unlimited Sahara,19-418,1C4HJXEN5KW509174,"SUV, Intermediate Sport Utility",,,,,117,4D Sport Utility,Ocean Blue Metallic,Retail,"$47,576 ",,9/20/2019,"$37,675 ","$48,204 ","$10,529 ",($628),10,,,Unranked,Unranked
Red,,Parks Chrysler Dodge Jeep,2019 Jeep Wrangler Unlimited Sahara,19-416,1C4HJXEG6KW640101,"SUV, Intermediate Sport Utility",,,,,120,4D Sport Utility,Crystal Metallic,Retail,"$48,493 ",,9/20/2019,"$36,875 ","$48,226 ","$11,351 ",$267 ,15,,,Unranked,Unranked
Red,,Parks Chrysler Dodge Jeep,2019 Ram 2500 Big Horn,19-402,3C6UR5JL8KG592735,"Truck, Large Pick-up",,,,,127,4D Crew Cab,Black / Forest Green,Retail,"$60,575 ",,10/4/2019,"$44,800 ","$58,870 ","$14,070 ","$1,705 ",13,,,Unranked,Unranked
Red,,Parks Chrysler Dodge Jeep,2019 Ram 2500 Big Horn,19-395,3C6UR5DJ9KG592723,"Truck, Large Pick-up",,,,,129,4D Crew Cab,Flame Red Clearcoat,Retail,"$49,686 ",,10/4/2019,"$37,300 ","$49,018 ","$11,718 ",$668 ,12,,,Unranked,Unranked
Red,,Parks Chrysler Dodge Jeep,2019 Ram 1500 Classic Warlock,19-393,1C6RR7LG8KS664155,"Truck, Large Pick-up",,,,,133,4D Crew Cab,Steel Metallic,Retail,"$35,762 ",,10/4/2019,"$26,625 ","$41,476 ","$14,851 ","($5,714)",32,,,Unranked,Unranked
Red,,Parks Chrysler Dodge Jeep,2019 Jeep Cherokee Limited,19-385,1C4PJMDX2KD463568,"SUV, Compact Sport Utility",,,,,144,4D Sport Utility,Bright White Clearcoat,Retail,"$31,337 ",,9/20/2019,"$24,525 ","$34,803 ","$10,278 ","($3,466)",14,,,Unranked,Unranked
Black,,Parks Chrysler Dodge Jeep,2019 Jeep Cherokee Limited,19-383,1C4PJMDX0KD463567,"SUV, Compact Sport Utility",,,,,144,4D Sport Utility,Bright White Clearcoat,Retail,"$31,337 ",,9/20/2019,"$24,525 ","$34,885 ","$10,360 ","($3,548)",15,,,Unranked,Unranked
Red,,Parks Chevrolet,2019 Chevrolet Blazer Base,C19-316,3GNKBGRS8KS661777,"SUV, Intermediate Sport Utility",,,,,144,4D Sport Utility,Silver Ice Metallic,Retail,"$37,997 ",,9/14/2019,,"$36,830 ",,"$1,167 ",2,,,Unranked,Unranked
Red,,Parks Chevrolet,2019 Chevrolet Colorado LT,C19-314,1GCHTCEA8K1316112,"Truck, Small Pick-up",,,,,145,4D Extended Cab,Shadow Gray Metallic,Retail,"$33,830 ",,9/14/2019,,"$33,513 ",,$317 ,11,,,Unranked,Unranked
Red,,Parks Chrysler Dodge Jeep,2019 Ram 2500 Power Wagon,19-381,3C6TR5EJ9KG583062,"Truck, Large Pick-up",,,,,150,4D Crew Cab,Diamond Black,Retail,"$59,896 ",,10/4/2019,,"$58,721 ",,"$1,175 ",21,,,,
Red,,Parks Chrysler Dodge Jeep,2019 Jeep Wrangler Unlimited Sahara,19-379,1C4HJXEG4KW640100,"SUV, Intermediate Sport Utility",,,,,152,4D Sport Utility,Bright White Clearcoat,Retail,"$47,593 ",,9/20/2019,"$36,875 ","$48,257 ","$11,382 ",($664),14,,,Unranked,Unranked
Red,,Parks Chevrolet,2019 Chevrolet Silverado 1500 LT,C19-307,1GCUYDED2KZ337099,"Truck, Large Pick-up",,,,,163,4D Crew Cab,Summit White,Retail,"$49,477 ",,9/14/2019,,"$48,677 ",,$800 ,11,,,Unranked,Unranked
Black,,Parks Chrysler Dodge Jeep,2019 Ram 1500 Rebel,19-370,1C6SRFET2KN837155,"Truck, Large Pick-up",,,,,164,4D Quad Cab,Bright White Clearcoat,Retail,"$45,681 ",,10/4/2019,"$37,850 ","$47,934 ","$10,084 ","($2,253)",36,,,Unranked,Unranked
Red,,Parks Chrysler Dodge Jeep,2019 Ram 1500 Rebel,19-371,1C6SRFETXKN831054,"Truck, Large Pick-up",,,,,164,4D Quad Cab,Flame Red Clearcoat,Retail,"$45,681 ",,10/4/2019,"$37,850 ","$47,935 ","$10,085 ","($2,254)",27,,,Unranked,Unranked
Black,,Parks Chrysler Dodge Jeep,2019 Jeep Wrangler Unlimited Sahara,19-369,1C4HJXENXKW622151,"SUV, Intermediate Sport Utility",,,,,164,4D Sport Utility,Red Clearcoat,Retail,"$46,847 ",,9/20/2019,"$37,675 ","$46,773 ","$9,098 ",$74 ,15,,,Unranked,Unranked
Red,,Parks Chrysler Dodge Jeep,2019 Ram 1500 Classic Big Horn,19-367,1C6RR7GG3KS617027,"Truck, Large Pick-up",,,,,170,4D Quad Cab,Bright White Clearcoat,Retail,"$37,157 ",,9/20/2019,"$25,325 ","$41,863 ","$16,538 ","($4,706)",48,,,Unranked,Unranked
Red,,Parks Chrysler Dodge Jeep,2019 Jeep Grand Cherokee Altitude,19-364,1C4RJFAGXKC791075,"SUV, Intermediate Sport Utility",,,,,173,4D Sport Utility,Diamond Black,Retail,"$37,660 ",,9/20/2019,"$32,175 ","$40,994 ","$8,819 ","($3,334)",12,,,Unranked,Unranked
Red,,Parks Chevrolet,2019 Chevrolet Silverado 1500 LD LT,C19-298,2GCVKPEC9K1181313,"Truck, Large Pick-up",,,,,194,Double Cab,Black,Retail,"$45,405 ",,9/14/2019,"$28,700 ","$44,735 ","$16,035 ",$670 ,10,,,Unranked,Unranked
Red,,Parks Chrysler Dodge Jeep,2019 Dodge Journey SE,19-347,3C4PDCBB9KT747217,"SUV, Intermediate Sport Utility",,,,,199,4D Sport Utility,Granite,Retail,"$20,706 ",,9/20/2019,"$16,750 ","$26,077 ","$9,327 ","($5,371)",15,,,Unranked,Unranked
Red,,Parks Chrysler Dodge Jeep,2019 Jeep Wrangler Sport S,19-342,1C4GJXAG3KW614122,"SUV, Compact Sport Utility",,,,,201,2D Sport Utility,Red Clearcoat,Retail,"$34,685 ",,9/20/2019,"$29,000 ","$34,871 ","$5,871 ",($186),15,,,Unranked,Unranked
Red,,Parks Chrysler Dodge Jeep,2019 Ram 1500 Classic Warlock,19-338,1C6RR7GG7KS618973,"Truck, Large Pick-up",,,,,204,4D Quad Cab,Diamond Black,Retail,"$37,248 ",,9/20/2019,"$25,325 ","$41,944 ","$16,619 ","($4,696)",30,,,Unranked,Unranked
Red,,Parks Chrysler Dodge Jeep,2019 Ram 1500 Classic Express,19-339,1C6RR7KT6KS640807,"Truck, Large Pick-up",,,,,205,4D Crew Cab,Diamond Black,Retail,"$39,651 ",,9/20/2019,"$27,325 ","$44,766 ","$17,441 ","($5,115)",11,,,Unranked,Unranked
Red,,Parks Chrysler Dodge Jeep,2019 Ram 1500 Classic Express,19-334,1C6RR7KT3KS618571,"Truck, Large Pick-up",,,,,213,4D Crew Cab,Orange,Retail,"$39,974 ",,9/20/2019,"$27,325 ","$45,088 ","$17,763 ","($5,114)",11,,,Unranked,Unranked
Red,,Parks Chrysler Dodge Jeep,2019 Ram 3500 Big Horn,19-333,3C63R3HL2KG524355,"Truck, Large Pick-up",,,,,214,4D Crew Cab,Bright White Clearcoat,Retail,"$59,118 ",,10/4/2019,,"$58,030 ",,"$1,088 ",12,,,Unranked,Unranked
Red,,Parks Chevrolet,2019 Chevrolet Silverado 1500 LD LT,C19-285,2GCVKPEC7K1177180,"Truck, Large Pick-up",,,,,214,Double Cab,Black,Retail,"$43,972 ",,9/14/2019,"$28,700 ","$43,400 ","$14,700 ",$572 ,5,,,Unranked,Unranked
Red,,Parks Chevrolet,2019 Chevrolet Silverado 1500 Custom,C19-282,3GCUYBEF3KG151660,"Truck, Large Pick-up",,,,,215,4D Crew Cab,Summit White,Retail,"$43,668 ",,10/12/2019,,"$43,163 ",,$505 ,11,,,Unranked,Unranked
Red,,Parks Chevrolet,2019 Chevrolet Silverado 1500 LD LT,C19-281,2GCVKPEC6K1175548,"Truck, Large Pick-up",,,,,219,Double Cab,Summit White,Retail,"$45,405 ",,9/14/2019,"$28,700 ","$42,787 ","$14,087 ","$2,618 ","4,285",,,Unranked,Unranked
Black,,Parks Chevrolet,2018 Chevrolet Silverado 1500 LT LT1,C18-288,3GCUKREC0JG569382,"Truck, Large Pick-up",,,,,220,4D Crew Cab,Summit White,Retail,"$47,538 ",,9/14/2019,"$32,600 ","$44,857 ","$12,257 ","$2,681 ",53,,,Unranked,Unranked
Red,,Parks Chevrolet,2019 Chevrolet Silverado 1500 LT,C19-278,3GCUYDED6KG139187,"Truck, Large Pick-up",,,,,222,4D Crew Cab,Black,Retail,"$49,998 ",,9/14/2019,,"$49,253 ",,$745 ,8,,,Unranked,Unranked
Red,,Parks Chrysler Dodge Jeep,2019 Jeep Cherokee Limited,19-322,1C4PJMDX7KD404659,"SUV, Compact Sport Utility",,,,,222,4D Sport Utility,Bright White Clearcoat,Retail,"$33,602 ",,9/20/2019,"$24,525 ","$37,064 ","$12,539 ","($3,462)",325,,,Unranked,Unranked
Red,,Parks Chevrolet,2019 Chevrolet Silverado 1500 Custom,C19-276,3GCPYCEF5KG143966,"Truck, Large Pick-up",,,,,222,4D Crew Cab,Summit White,Retail,"$45,362 ",,9/14/2019,,"$44,845 ",,$517 ,724,,,Unranked,Unranked
Red,,Parks Chrysler Dodge Jeep,2019 Ram ProMaster City Tradesman,19-321,ZFBHRFAB7K6M64336,"Van, Full Size Vans",,,,,226,4D Cargo Van,Bright White,Retail,"$24,286 ",,9/20/2019,,"$25,787 ",,"($1,501)",20,,,Unranked,Unranked
Red,,Parks Chevrolet,2019 Chevrolet Impala LT 1LT,C19-271,2G11Z5S34K9138950,"Car, Intermediate",,,,,227,4D Sedan ,Black,Retail,"$35,822 ",,9/14/2019,"$19,800 ","$35,558 ","$15,758 ",$264 ,6,,,Unranked,Unranked
Red,,Parks Chevrolet,2019 Chevrolet Silverado 1500 LT,C19-263,3GCUYDED4KG138703,"Truck, Large Pick-up",,,,,228,4D Crew Cab,Red Tintcoat,Retail,"$50,459 ",,9/14/2019,,"$50,675 ",,($216),9,,,Unranked,Unranked
Red,,Parks Chevrolet,2019 Chevrolet Silverado 1500 LT,C19-262,3GCUYDED0KG137466,"Truck, Large Pick-up",,,,,228,4D Crew Cab,Brown Metallic,Retail,"$49,998 ",,9/14/2019,,"$49,385 ",,$613 ,28,,,Unranked,Unranked
Red,,Parks Chevrolet,2019 Chevrolet Silverado 1500 High Country,C19-267,3GCUYHEL2KG137192,"Truck, Large Pick-up",,,,,228,4D Crew Cab,Pearl,Retail,"$63,562 ",,9/14/2019,,"$62,368 ",,"$1,194 ",9,,,Unranked,Unranked
Red,,Parks Chevrolet,2019 Chevrolet Silverado 1500 High Country,C19-266,3GCUYHEL1KG139175,"Truck, Large Pick-up",,,,,228,4D Crew Cab,Pearl,Retail,"$63,562 ",,9/14/2019,,"$62,320 ",,"$1,242 ",13,,,Unranked,Unranked
Red,,Parks Chrysler Dodge Jeep,2019 Ram ProMaster City Tradesman,19-312,ZFBHRFAB1K6M67863,"Van, Full Size Vans",,,,,229,4D Cargo Van,Bright White,Retail,"$24,186 ",,9/20/2019,,"$25,785 ",,"($1,599)",14,,,Unranked,Unranked
Red,,Parks Chevrolet,2019 Chevrolet Silverado 1500 LT,C19-258,3GCUYDED4KG136224,"Truck, Large Pick-up",,,,,229,4D Crew Cab,Summit White,Retail,"$49,998 ",,9/14/2019,,"$49,228 ",,$770 ,6,,,Unranked,Unranked
Red,,Parks Chevrolet,2019 Chevrolet Silverado 1500 LT,C19-259,3GCUYDED6KG132594,"Truck, Large Pick-up",,,,,229,4D Crew Cab,Black,Retail,"$49,998 ",,9/14/2019,,"$49,229 ",,$769 ,5,,,Unranked,Unranked
Red,,Parks Chevrolet,2019 Chevrolet Silverado 1500 LT,C19-251,3GCUYDED9KG133710,"Truck, Large Pick-up",,,,,234,4D Crew Cab,Black,Retail,"$49,998 ",,9/14/2019,,"$49,230 ",,$768 ,10,,,Unranked,Unranked
Red,,Parks Chevrolet,2019 Chevrolet Impala LS 1LS,C19-246,2G11Y5S30K9137457,"Car, Intermediate",,,,,236,4D Sedan ,Silver Ice Metallic,Retail,"$29,542 ",,9/14/2019,"$17,525 ","$28,083 ","$10,558 ","$1,459 ","7,189",,,Unranked,Unranked
Red,17,Parks Chevrolet,2019 Chevrolet Silverado 1500 LT,C19-245,1GCRYDED9KZ265923,"Truck, Large Pick-up",,,,,236,Double Cab,Summit White,Retail,"$45,909 ",,9/14/2019,,"$46,025 ",,($116),2,,,Unranked,Unranked
Red,20,Parks Chrysler Dodge Jeep,2019 Dodge Journey SE,19-299,3C4PDCBG9KT701298,"SUV, Intermediate Sport Utility",,,,,250,4D Sport Utility,White,Retail,"$23,550 ",,9/20/2019,"$16,950 ","$28,743 ","$11,793 ","($5,193)",15,,,Unranked,Unranked
Red,17,Parks Chevrolet,2019 Chevrolet Equinox L,C19-236,3GNAXGEV2KS595546,"SUV, Compact Sport Utility",,,,,256,4D Sport Utility,Summit White,Retail,"$24,924 ",,9/14/2019,,"$25,381 ",,($457),4,,,Unranked,Unranked
Red,18,Parks Chrysler Dodge Jeep,2019 Ram ProMaster 1500 Base 136 WB,19-276,3C6TRVBG6KE512888,"Van, Full Size Vans",,,,,282,3D Cargo Van,Bright White Clearcoat,Retail,"$34,094 ",,9/20/2019,"$24,329 ","$35,308 ","$10,979 ","($1,214)",27,,,Unranked,Unranked
Red,18,Parks Chrysler Dodge Jeep,2019 Ram ProMaster 3500 High Roof,19-272,3C6URVHG3KE517512,"Van, Full Size Vans",,,,,292,3D Cargo Van,Bright White Clearcoat,Retail,"$38,468 ",,10/4/2019,,"$36,104 ",,"$2,364 ",20,,,Unranked,Unranked
Red,16,Parks Chevrolet,2019 Chevrolet Camaro 1LT,C19-216,1G1FB1RX9K0130039,"Car, Sport",,,,,296,2D Coupe,Summit White,Retail,"$27,554 ",,9/14/2019,,"$27,590 ",,($36),2,,,Unranked,Unranked
Red,17,Parks Chevrolet,2019 Chevrolet Impala LT 1LT,C19-211,1G11Z5S3XKU121959,"Car, Intermediate",,,,,297,4D Sedan ,Red Tintcoat,Retail,"$33,202 ",,9/14/2019,"$19,800 ","$32,970 ","$13,170 ",$232 ,2,,,Unranked,Unranked
Red,17,Parks Chevrolet,2019 Chevrolet Silverado 2500HD LTZ,C19-205,1GC1KTEY0KF193779,"Truck, Large Pick-up",,,,,304,4D Crew Cab,Summit White,Retail,"$66,205 ",,10/12/2019,"$50,350 ","$64,900 ","$14,550 ","$1,305 ",18,,,Unranked,Unranked
Red,17,Parks Chevrolet,2019 Chevrolet Silverado 2500HD LTZ,C19-198,1GC1KTEY2KF190401,"Truck, Large Pick-up",,,,,312,4D Crew Cab,Pearl,Retail,"$67,132 ",,10/12/2019,"$50,350 ","$65,724 ","$15,374 ","$1,408 ",18,,,Unranked,Unranked
Red,17,Parks Chevrolet,2019 Chevrolet Silverado 2500HD LTZ,C19-199,1GC1KTEY9KF190301,"Truck, Large Pick-up",,,,,312,4D Crew Cab,Summit White,Retail,"$65,011 ",,10/12/2019,"$50,350 ","$69,261 ","$18,911 ","($4,250)",8,,,Unranked,Unranked
Red,17,Parks Chrysler Dodge Jeep,2019 Jeep Grand Cherokee Limited,19-229,1C4RJFBG5KC578906,"SUV, Intermediate Sport Utility",,,,,355,4D Sport Utility,Billet Silver Metallic,Retail,"$38,513 ",,9/20/2019,"$33,300 ","$42,556 ","$9,256 ","($4,043)","3,832",,,Unranked,Unranked
Red,17,Parks Chrysler Dodge Jeep,2019 Ram 1500 Limited,19-222,1C6SRFHT3KN503311,"Truck, Large Pick-up",,,,,360,4D Crew Cab,Diamond Black,Retail,"$56,143 ",,9/20/2019,"$46,775 ","$58,297 ","$11,522 ","($2,154)",485,,,Unranked,Unranked
Red,17,Parks Chevrolet,2019 Chevrolet Silverado 1500 LT,C19-152,1GCUYDED7KZ147959,"Truck, Large Pick-up",,,,,375,4D Crew Cab,Summit White,Retail,"$49,377 ",,9/14/2019,,"$47,215 ",,"$2,162 ","3,045",,,Unranked,Unranked
Black,18,Parks Chevrolet,2019 Chevrolet Silverado 1500 LD LT,C19-148,2GCVKPEC6K1129282,"Truck, Large Pick-up",,,,,379,Double Cab,Red,Retail,"$45,350 ",,9/14/2019,"$28,700 ","$44,763 ","$16,063 ",$587 ,16,,,Unranked,Unranked
Red,,Parks Chrysler Dodge Jeep,2018 Jeep Wrangler Unlimited Sahara,18-556,1C4HJXEN5JW320992,"SUV, Intermediate Sport Utility",,,,,380,4D Sport Utility,Gray Clearcoat,Retail,"$46,548 ",,9/20/2019,"$37,350 ","$44,927 ","$7,577 ","$1,621 ",13,,,Unranked,Unranked
Red,18,Parks Chrysler Dodge Jeep,2019 Dodge Grand Caravan SE,19-196,2C4RDGBG5KR541097,"Van, Small Van",,,,,390,4D Wagon,White,Retail,"$26,159 ",,9/20/2019,"$18,150 ","$28,854 ","$10,704 ","($2,695)",11,,,Unranked,Unranked
Red,16,Parks Chrysler Dodge Jeep,2019 Dodge Challenger SXT,19-188,2C3CDZGG4KH504496,"Car, Sport",,,,,407,2D Coupe,Granite,Retail,"$28,846 ",,9/20/2019,"$23,500 ","$31,797 ","$8,297 ","($2,951)",11,,,Unranked,Unranked
Red,17,Parks Chrysler Dodge Jeep,2018 Jeep Renegade Latitude,18-527,ZACCJBBB3JPH99806,"SUV, Compact Sport Utility",,,,,410,4D Sport Utility,Black,Retail,"$25,205 ",,4/3/2019,"$17,650 ","$29,706 ","$12,056 ","($4,501)",17,,,Unranked,Unranked
Black,17,Parks Chrysler Dodge Jeep,2019 Ram 1500 Classic Tradesman,19-186,1C6RR7KT7KS518635,"Truck, Large Pick-up",,,,,414,4D Crew Cab,Bright White Clearcoat,Retail,"$35,317 ",,6/7/2019,"$26,525 ","$35,326 ","$8,801 ",($9),"4,917",,,Unranked,Unranked
Red,17,Parks Chrysler Dodge Jeep,2019 Ram 1500 Classic Express,19-173,1C6RR7FT5KS501195,"Truck, Large Pick-up",,,,,437,4D Quad Cab,Bright White Clearcoat,Retail,"$36,925 ",,9/20/2019,"$26,225 ","$48,515 ","$22,290 ","($11,590)",11,,,Unranked,Unranked
Red,17,Parks Chrysler Dodge Jeep,2019 Ram 1500 Big Horn/Lone Star,19-170,1C6SRFFT7KN599687,"Truck, Large Pick-up",,,,,445,4D Crew Cab,Billet Silver Metallic,Retail,"$46,641 ",,6/7/2019,"$33,325 ","$42,677 ","$9,352 ","$3,964 ","5,197",,,Unranked,Unranked
Black,17,Parks Chrysler Dodge Jeep,2019 Jeep Cherokee Latitude,19-166,1C4PJLCB8KD263651,"SUV, Compact Sport Utility",,,,,449,4D Sport Utility,Velvet,Retail,"$22,526 ",,5/14/2019,"$16,625 ","$22,223 ","$5,598 ",$303 ,"5,013",,,Unranked,Unranked
Red,17,Parks Chrysler Dodge Jeep,2019 Jeep Cherokee Latitude,19-163,1C4PJLCB6KD263647,"SUV, Compact Sport Utility",,,,,450,4D Sport Utility,Bright White Clearcoat,Retail,"$22,804 ",,5/14/2019,"$17,025 ","$26,567 ","$9,542 ","($3,763)",14,,,Unranked,Unranked
Red,17,Parks Chrysler Dodge Jeep,2018 Jeep Renegade Latitude,18-476,ZACCJBBB4JPH90595,"SUV, Compact Sport Utility",,,,,453,4D Sport Utility,Black,Retail,"$22,220 ",,5/14/2019,"$17,650 ","$24,216 ","$6,566 ","($1,996)",18,,,Unranked,Unranked
Red,17,Parks Chrysler Dodge Jeep,2019 Jeep Cherokee Latitude,19-155,1C4PJLCB4KD263646,"SUV, Compact Sport Utility",,,,,453,4D Sport Utility,Bright White Clearcoat,Retail,"$22,276 ",,9/20/2019,"$16,625 ","$22,272 ","$5,647 ",$4 ,"7,395",,,Unranked,Unranked
Black,17,Parks Chrysler Dodge Jeep,2019 Jeep Cherokee Latitude,19-148,1C4PJLCB3KD242271,"SUV, Compact Sport Utility",,,,,460,4D Sport Utility,Velvet,Retail,"$22,986 ",,5/14/2019,"$16,625 ","$22,196 ","$5,571 ",$790 ,"5,202",,,Unranked,Unranked
Black,17,Parks Chrysler Dodge Jeep,2019 Jeep Cherokee Latitude,19-150,1C4PJLCB8KD242265,"SUV, Compact Sport Utility",,,,,460,4D Sport Utility,Billet Silver Metallic,Retail,"$22,986 ",,5/14/2019,"$16,625 ","$22,149 ","$5,524 ",$837 ,"5,893",,,Unranked,Unranked
Black,17,Parks Chrysler Dodge Jeep,2019 Jeep Cherokee Latitude,19-137,1C4PJLCB1KD242267,"SUV, Compact Sport Utility",,,,,470,4D Sport Utility,Bright White Clearcoat,Retail,"$22,986 ",,5/14/2019,"$16,625 ","$22,036 ","$5,411 ",$950 ,"5,376",,,Unranked,Unranked
Black,17,Parks Chrysler Dodge Jeep,2019 Jeep Cherokee Latitude,19-135,1C4PJLCB3KD242268,"SUV, Compact Sport Utility",,,,,471,4D Sport Utility,Diamond Black,Retail,"$23,269 ",,5/14/2019,"$16,625 ","$22,015 ","$5,390 ","$1,254 ","7,938",,,Unranked,Unranked
Red,17,Parks Chrysler Dodge Jeep,2018 Jeep Renegade Latitude,18-456,ZACCJBBB8JPH68678,"SUV, Compact Sport Utility",,,,,479,4D Sport Utility,Black,Retail,"$22,717 ",,5/14/2019,"$17,650 ","$24,702 ","$7,052 ","($1,985)",17,,,Unranked,Unranked
Red,17,Parks Chrysler Dodge Jeep,2019 Ram 1500 Laramie,19-121,1C6SRFJT5KN587464,"Truck, Large Pick-up",,,,,485,4D Crew Cab,Diamond Black,Retail,"$45,636 ",,9/20/2019,"$36,425 ","$50,830 ","$14,405 ","($5,194)",12,,,Unranked,Unranked
Black,18,Parks Chrysler Dodge Jeep,2017 Ram 1500 Big Horn,17-831,1C6RR7LT6HS627479,"Truck, Large Pick-up",,,,,521,4D Crew Cab,Brilliant Black Crystal Pearlcoat,Retail,"$45,156 ",,5/14/2019,"$28,500 ","$45,162 ","$16,662 ",($6),764,,,Unranked,Unranked
Black,18,Parks Chrysler Dodge Jeep,2018 Jeep Grand Cherokee Laredo,18-312,1C4RJFAG8JC310593,"SUV, Intermediate Sport Utility",,,,,620,4D Sport Utility,Bright White Clearcoat,Retail,"$33,423 ",,5/14/2019,"$26,050 ","$35,269 ","$9,219 ","($1,846)","6,344",,,,
Red,18,Parks Chrysler Dodge Jeep,2018 Chrysler Pacifica Hybrid Touring L,18-307,2C4RC1L77JR164334,"Van, Small Van",,,,,626,4D Passenger Van,Brilliant Black Crystal Pearlcoat,Retail,"$40,991 ",,5/14/2019,"$27,750 ","$31,487 ","$3,737 ","$9,504 ",37,,,,
Red,18,Parks Chrysler Dodge Jeep,2018 Dodge Journey SXT,18-239,3C4PDCBB4JT219387,"SUV, Intermediate Sport Utility",,,,,677,4D Sport Utility,Pitch Black Clearcoat,Retail,"$21,965 ",,5/14/2019,"$17,625 ","$27,687 ","$10,062 ","($5,722)","4,855",,,,
Black,17,Parks Chrysler Dodge Jeep,2017 Jeep Renegade Latitude,17-796,ZACCJBBBXHPG35933,"SUV, Compact Sport Utility",,,,,690,4D Sport Utility,Glacier Metallic,Retail,"$22,559 ",,5/14/2019,"$16,550 ","$22,584 ","$6,034 ",($25),"6,317",,,,
Black,17,Parks Chevrolet,2018 Chevrolet Impala LT 1LT,C18-062,2G1105S31J9125470,"Car, Intermediate",,,,,738,4D Sedan ,Silver Ice Metallic,Retail,"$32,001 ",,9/14/2019,"$18,850 ","$29,526 ","$10,676 ","$2,475 ",177,,,Unranked,Unranked
Red,17,Parks Chrysler Dodge Jeep,2018 Ram 1500 Express,18-177,3C6RR7KT5JG141499,"Truck, Large Pick-up",,,,,740,4D Crew Cab,Blue Streak,Retail,"$37,502 ",,5/14/2019,"$28,075 ","$42,025 ","$13,950 ","($4,523)","7,149",,,,
Black,22,Parks Chrysler Dodge Jeep,2017 Dodge Challenger GT,17-502,2C3CDZGG4HH615039,"Car, Sport",,,,,880,2D Coupe,Red,Retail,"$32,309 ",,5/14/2019,"$24,575 ","$32,322 ","$7,747 ",($13),"7,385",,,,
Red,16,Parks Chevrolet,2017 Chevrolet Cruze LT,C17-060,3G1BE6SMXHS539767,"Car, Compact",,,,,"1,088",4D Hatchback,Orange,Retail,"$25,867 ",,10/12/2019,"$13,225 ","$25,902 ","$12,677 ",($35),815,,,Unranked,Unranked
Black,16,Parks Chrysler Dodge Jeep,2016 Jeep Patriot Sport,16-554,1C4NJPBAXGD737324,"SUV, Compact Sport Utility",,,,,"1,279",4D Sport Utility,Billet Silver Metallic,Retail,"$18,999 ",,4/19/2018,"$11,750 ","$20,771 ","$9,021 ","($1,772)","27,941",,,,
